"A Choo" 	  https://www.netflix.com/title/81322031
"A Farewell for Lilí" 	  https://www.netflix.com/title/81923263
"A Vampire in the Family" 	  https://www.netflix.com/title/81495849
"Adipurush" 	  https://www.netflix.com/title/81519291
"Afterlife of the Party" 	  https://www.netflix.com/title/81095482
"Akhanda 2: Thaandavam" 	  https://www.netflix.com/title/82180284
"Alibaba Aur 40 Chor" 	  https://www.netflix.com/title/80158543
"Astérix & Obélix: The Middle Kingdom" 	  https://www.netflix.com/title/81389022
"Awe" 	  https://www.netflix.com/title/81052266
"Bleach" 	  https://www.netflix.com/title/80217733
"Bram Stoker's Dracula" 	  https://www.netflix.com/title/328942
"Bright" 	  https://www.netflix.com/title/80119234
"Bro" 	  https://www.netflix.com/title/81699648
"Buddy" 	  https://www.netflix.com/title/81632778
"Chamatkar" 	  https://www.netflix.com/title/80157133
"Conan the Destroyer" 	  https://www.netflix.com/title/393326
"Damsel" 	  https://www.netflix.com/title/80991090
"Double World" 	  https://www.netflix.com/title/81212831
"Dynasty Warriors" 	  https://www.netflix.com/title/81067756
"Errementari: The Blacksmith and the Devil" 	  https://www.netflix.com/title/80239565
"Family Pack" 	  https://www.netflix.com/title/81686180
"Fistful of Vengeance" 	  https://www.netflix.com/title/80240904
"Fullmetal Alchemist The Final Alchemy" 	  https://www.netflix.com/title/81266981
"Fullmetal Alchemist The Revenge of Scar" 	  https://www.netflix.com/title/81266975
"Ghosting: The Spirit of Christmas" 	  https://www.netflix.com/title/82131934
"Girl Haunts Boy" 	  https://www.netflix.com/title/81785089
"Green Snake" 	  https://www.netflix.com/title/81504698
"Guillermo del Toro’s Pinocchio" 	  https://www.netflix.com/title/80218455
"Hellboy" 	  https://www.netflix.com/title/60034549
"How to Be Really Bad" 	  https://www.netflix.com/title/80157798
"Just Like a Christmas Movie" 	  https://www.netflix.com/title/82141895
"La Leyenda del Diamante" 	  https://www.netflix.com/title/81091378
"Labyrinth" 	  https://www.netflix.com/title/680020
"Love O2O" 	  https://www.netflix.com/title/80141156
"Ludo" 	  https://www.netflix.com/title/80107037
"Mahavatar Narsimha" 	  https://www.netflix.com/title/82131939
"Making The Witcher: Blood Origin" 	  https://www.netflix.com/title/81657880
"Making The Witcher: Season 2" 	  https://www.netflix.com/title/81520054
"Making The Witcher: Season 3" 	  https://www.netflix.com/title/81644500
"Making The Witcher" 	  https://www.netflix.com/title/81294111
"Monster Run" 	  https://www.netflix.com/title/81406611
"Mowgli: Legend of the Jungle" 	  https://www.netflix.com/title/80993105
"Ne Zha" 	  https://www.netflix.com/title/81191389
"Night Teeth" 	  https://www.netflix.com/title/81043660
"Nightbooks" 	  https://www.netflix.com/title/81002270
"Oh! Baby" 	  https://www.netflix.com/title/81093951
"Once Upon a Crime" 	  https://www.netflix.com/title/81450775
"Paheli" 	  https://www.netflix.com/title/70039405
"Panji Tengkorak" 	  https://www.netflix.com/title/82051053
"PK" 	  https://www.netflix.com/title/70303496
"Rainbow" 	  https://www.netflix.com/title/81351145
"Spirited" 	  https://www.netflix.com/title/81671921
"Super Me" 	  https://www.netflix.com/title/81335928
"Thangalaan" 	  https://www.netflix.com/title/81632727
"The 5th Wave" 	  https://www.netflix.com/title/80067831
"The Characters of the Continent" 	  https://www.netflix.com/title/81555916
"The Claus Family 3" 	  https://www.netflix.com/title/81591334
"The Curse of Bridge Hollow" 	  https://www.netflix.com/title/81156676
"The Humans and the Mongoose" 	  https://www.netflix.com/title/81435715
"The Last Man on Earth" 	  https://www.netflix.com/title/81621592
"The Mortal Instruments: City of Bones" 	  https://www.netflix.com/title/70266670
"The Night My Dad Saved Christmas 2" 	  https://www.netflix.com/title/81760566
"The Rats: A Witcher Tale" 	  https://www.netflix.com/title/81572393
"The School for Good and Evil" 	  https://www.netflix.com/title/80218885
"The Snow Sister" 	  https://www.netflix.com/title/81681292
"The Time That Remains" 	  https://www.netflix.com/title/81939586
"The Witcher Bestiary Season 1, Part 1" 	  https://www.netflix.com/title/81555914
"The Witcher Bestiary Season 1, Part 2" 	  https://www.netflix.com/title/81555915
"The Witcher Bestiary Season 2" 	  https://www.netflix.com/title/81593746
"The Witcher: Sirens of the Deep" 	  https://www.netflix.com/title/81484026
"The Yin Yang Master" 	  https://www.netflix.com/title/81403965
"The Yin-Yang Master: Dream Of Eternity" 	  https://www.netflix.com/title/81386963
"Thoda Pyaar Thoda Magic" 	  https://www.netflix.com/title/70102768
"Troll 2" 	  https://www.netflix.com/title/81667085
"Troll" 	  https://www.netflix.com/title/81245455
"Up Among  The Stars" 	  https://www.netflix.com/title/80122209
"Wendell & Wild" 	  https://www.netflix.com/title/80231433
